round,loss,accuracy
1,2.3037847834185134,0.09917355371900827
2,2.3071963247188854,0.1118457300275482
3,2.32516789002852,0.10082644628099173
4,2.3508176800961667,0.09752066115702479
5,2.3557762450751523,0.08705234159779614
6,2.360185119534327,0.08319559228650138
7,2.3515075026793255,0.09366391184573003
