round,loss,accuracy
1,2.3027186612973267,0.10758620689655173
2,2.3070270592042768,0.0928735632183908
3,2.321790444056193,0.10482758620689656
4,2.346135542091282,0.08183908045977012
5,2.3358953741227073,0.10850574712643678
6,2.346184065369354,0.09885057471264368
7,2.346245789911555,0.10666666666666667
