round,loss,accuracy
1,2.302267284724612,0.10421836228287841
2,2.311174332356039,0.09230769230769231
3,2.3300597019290215,0.08436724565756824
4,2.3367568643158187,0.09528535980148883
5,2.3460238304090857,0.09379652605459057
6,2.3489575613225364,0.1032258064516129
7,2.3476429902590237,0.09875930521091811
